id,xIndex,yIndex,AUTO,BOOL_ROAD,BOOL_RAILWAY,BOOL_WATERCOURSE,start,end,cost
"5","1","5","1","0","0","0","4611299.45962, 3447159.41268","4883968.96594, 3501968.32857",402210.889734969
"6","1","6","2","1","1","0","4611501.81646, 3427465.09643","4883968.96594, 3501968.32857",406986.996764268
"7","1","7","3","0","1","0","4613852.54415, 3402620.6389","4883968.96594, 3501968.32857",388904.96836478
"8","1","8","4","1","1","0","4616189.85471, 3377917.98477","4883968.96594, 3501968.32857",362475.672759493
"9","1","9","5","1","1","0","4617884.37878, 3351651.32483","4883968.96594, 3501968.32857",369113.928808826
"10","1","10","6","1","1","0","4614058.9624, 3325577.80191","4883968.96594, 3501968.32857",394796.694044371
"11","1","11","7","0","1","0","4611756.73758, 3306808.5988","4883968.96594, 3501968.32857",398824.101240455
"29","2","4","8","0","0","0","4641854.24898, 3466565.83617","4883968.96594, 3501968.32857",267097.546632282
"30","2","5","9","0","0","0","4634385.19143, 3451455.95926","4883968.96594, 3501968.32857",386474.840107979
"31","2","6","10","1","1","0","4633968.96594, 3426968.32857","4883968.96594, 3501968.32857",376842.721375214
"32","2","7","11","1","1","0","4633968.96594, 3401968.32857","4883968.96594, 3501968.32857",347172.926041192
"33","2","8","12","1","1","0","4633968.96594, 3376968.32857","4883968.96594, 3501968.32857",340793.712419412
"34","2","9","13","1","1","0","4633968.96594, 3351968.32857","4883968.96594, 3501968.32857",369113.928808826
"35","2","10","14","1","0","0","4633968.96594, 3326968.32857","4883968.96594, 3501968.32857",399026.070596271
"36","2","11","15","1","1","0","4634617.55995, 3302707.77839","4883968.96594, 3501968.32857",385762.110668506
"37","2","12","16","1","1","0","4638218.0155, 3276967.64184","4883968.96594, 3501968.32857",379407.274808219
"38","2","13","17","1","1","0","4639214.13437, 3255092.02805","4883968.96594, 3501968.32857",406461.301722497
"39","2","14","18","0","1","0","4644615.02398, 3226391.35416","4883968.96594, 3501968.32857",446634.65723288
"40","2","15","19","1","1","0","4644107.39361, 3201516.48986","4883968.96594, 3501968.32857",473194.365963885
"41","2","16","20","1","1","0","4644262.82295, 3185733.55768","4883968.96594, 3501968.32857",517205.465901593
"54","3","4","21","0","0","0","4660946.00189, 3470904.68265","4883968.96594, 3501968.32857",259660.456441548
"55","3","5","22","0","1","0","4658968.96594, 3451968.32857","4883968.96594, 3501968.32857",267097.546632282
"56","3","6","23","1","1","0","4658968.96594, 3426968.32857","4883968.96594, 3501968.32857",291170.181408652
"57","3","7","24","1","1","0","4658968.96594, 3401968.32857","4883968.96594, 3501968.32857",321938.094826564
"58","3","8","25","1","1","0","4658968.96594, 3376968.32857","4883968.96594, 3501968.32857",308549.839353016
"59","3","9","26","1","1","0","4658968.96594, 3351968.32857","4883968.96594, 3501968.32857",330374.02028285
"60","3","10","27","1","0","0","4658968.96594, 3326968.32857","4883968.96594, 3501968.32857",329023.584429326
"61","3","11","28","1","1","0","4658968.96594, 3301968.32857","4883968.96594, 3501968.32857",342624.730395634
"62","3","12","29","1","0","0","4658968.96594, 3276968.32857","4883968.96594, 3501968.32857",387540.077955504
"63","3","13","30","1","1","0","4658968.96594, 3251968.32857","4883968.96594, 3501968.32857",412724.962527056
"64","3","14","31","1","1","0","4658968.96594, 3226968.32857","4883968.96594, 3501968.32857",474722.858738612
"65","3","15","32","1","1","0","4658968.96594, 3201968.32857","4883968.96594, 3501968.32857",475712.286927079
"66","3","16","33","1","1","0","4660310.44623, 3178138.93461","4883968.96594, 3501968.32857",528301.634016479
"67","3","17","34","1","1","0","4667509.13132, 3155119.35155","4883968.96594, 3501968.32857",554583.424510789
"68","3","18","35","1","1","0","4669794.41941, 3127551.83561","4883968.96594, 3501968.32857",552773.238771281
"69","3","19","36","0","1","0","4670231.33101, 3104219.38604","4883968.96594, 3501968.32857",581212.521580978
"78","4","3","37","0","0","0","4693521.71119, 3490807.93169","4883968.96594, 3501968.32857",228323.608729951
"79","4","4","38","1","1","0","4684715.1856, 3475913.92883","4883968.96594, 3501968.32857",243642.904917756
"80","4","5","39","1","1","0","4683968.96594, 3451968.32857","4883968.96594, 3501968.32857",251119.008796701
"81","4","6","40","1","1","0","4683968.96594, 3426968.32857","4883968.96594, 3501968.32857",268553.230274548
"82","4","7","41","1","1","0","4683968.96594, 3401968.32857","4883968.96594, 3501968.32857",271514.70556566
"83","4","8","42","1","1","0","4683968.96594, 3376968.32857","4883968.96594, 3501968.32857",309744.347454075
"84","4","9","43","1","1","0","4683968.96594, 3351968.32857","4883968.96594, 3501968.32857",319546.982809608
"85","4","10","44","1","1","0","4683968.96594, 3326968.32857","4883968.96594, 3501968.32857",300612.184207066
"86","4","11","45","1","1","0","4683968.96594, 3301968.32857","4883968.96594, 3501968.32857",316169.590855106
"87","4","12","46","1","1","0","4683968.96594, 3276968.32857","4883968.96594, 3501968.32857",362693.736715216
"88","4","13","47","1","1","0","4683968.96594, 3251968.32857","4883968.96594, 3501968.32857",401850.935552374
"89","4","14","48","1","1","0","4683968.96594, 3226968.32857","4883968.96594, 3501968.32857",461946.396109876
"90","4","15","49","1","1","0","4683968.96594, 3201968.32857","4883968.96594, 3501968.32857",478978.668161164
"91","4","16","50","1","1","0","4683968.96594, 3176968.32857","4883968.96594, 3501968.32857",511427.230914821
"92","4","17","51","1","1","0","4683968.96594, 3151968.32857","4883968.96594, 3501968.32857",534954.930199084
"93","4","18","52","1","1","0","4683968.96594, 3126968.32857","4883968.96594, 3501968.32857",547544.750203246
"94","4","19","53","1","1","0","4684276.75584, 3102615.25746","4883968.96594, 3501968.32857",587654.255168537
"95","4","20","54","0","0","0","4695189.60349, 3089277.30281","4883968.96594, 3501968.32857",597281.488336635
"103","5","3","55","0","0","0","4711409.40773, 3494873.14087","4883968.96594, 3501968.32857",212870.339475079
"104","5","4","56","1","1","0","4708968.96594, 3476968.32857","4883968.96594, 3501968.32857",215631.25461402
"105","5","5","57","1","1","0","4708968.96594, 3451968.32857","4883968.96594, 3501968.32857",229250.282984102
"106","5","6","58","0","1","0","4708968.96594, 3426968.32857","4883968.96594, 3501968.32857",249176.117306211
"107","5","7","59","1","1","0","4708968.96594, 3401968.32857","4883968.96594, 3501968.32857",248157.626874487
"108","5","8","60","1","1","0","4708968.96594, 3376968.32857","4883968.96594, 3501968.32857",283612.052483899
"109","5","9","61","0","1","0","4708968.96594, 3351968.32857","4883968.96594, 3501968.32857",298228.866390567
"110","5","10","62","1","1","0","4708968.96594, 3326968.32857","4883968.96594, 3501968.32857",286113.463899991
"111","5","11","63","0","1","0","4708968.96594, 3301968.32857","4883968.96594, 3501968.32857",376001.15738632
"112","5","12","64","1","1","0","4708968.96594, 3276968.32857","4883968.96594, 3501968.32857",372950.102551022
"113","5","13","65","1","1","0","4708968.96594, 3251968.32857","4883968.96594, 3501968.32857",374167.624539704
"114","5","14","66","1","1","0","4708968.96594, 3226968.32857","4883968.96594, 3501968.32857",470767.697714118
"115","5","15","67","1","1","0","4708968.96594, 3201968.32857","4883968.96594, 3501968.32857",430594.76387255
"116","5","16","68","1","1","0","4708968.96594, 3176968.32857","4883968.96594, 3501968.32857",521117.028899473
"117","5","17","69","1","1","0","4708968.96594, 3151968.32857","4883968.96594, 3501968.32857",495003.622223961
"118","5","18","70","1","1","0","4708968.96594, 3126968.32857","4883968.96594, 3501968.32857",533468.558217462
"119","5","19","71","1","1","0","4708968.96594, 3101968.32857","4883968.96594, 3501968.32857",573698.437776836
"120","5","20","72","1","1","0","4712156.81359, 3088010.58819","4883968.96594, 3501968.32857",578879.537921984
"127","6","2","73","0","0","0","4745189.17339, 3515050.02721","4883968.96594, 3501968.32857",172620.918891408
"128","6","3","74","1","1","0","4735028.22034, 3500160.78843","4883968.96594, 3501968.32857",180406.532320513
"129","6","4","75","1","1","0","4733968.96594, 3476968.32857","4883968.96594, 3501968.32857",190889.090466584
"130","6","5","76","1","1","0","4733968.96594, 3451968.32857","4883968.96594, 3501968.32857",223291.127895456
"131","6","6","77","0","1","0","4733968.96594, 3426968.32857","4883968.96594, 3501968.32857",213974.815315123
"132","6","7","78","1","1","0","4733968.96594, 3401968.32857","4883968.96594, 3501968.32857",220551.63476696
"133","6","8","79","1","1","0","4733968.96594, 3376968.32857","4883968.96594, 3501968.32857",250397.127771098
"134","6","9","80","1","1","0","4733968.96594, 3351968.32857","4883968.96594, 3501968.32857",256607.976200993
"135","6","10","81","1","1","0","4733968.96594, 3326968.32857","4883968.96594, 3501968.32857",258172.082081119
"136","6","11","82","1","1","0","4733968.96594, 3301968.32857","4883968.96594, 3501968.32857",287533.798546114
"137","6","12","83","1","0","0","4733968.96594, 3276968.32857","4883968.96594, 3501968.32857",340790.221484162
"138","6","13","84","1","1","0","4733968.96594, 3251968.32857","4883968.96594, 3501968.32857",359871.905396811
"139","6","14","85","1","1","0","4733968.96594, 3226968.32857","4883968.96594, 3501968.32857",360445.83636276
"140","6","15","86","1","1","0","4733968.96594, 3201968.32857","4883968.96594, 3501968.32857",391275.806616151
"141","6","16","87","1","1","0","4733968.96594, 3176968.32857","4883968.96594, 3501968.32857",403041.26102742
"142","6","17","88","1","1","0","4733968.96594, 3151968.32857","4883968.96594, 3501968.32857",472808.835802293
"143","6","18","89","1","0","0","4733968.96594, 3126968.32857","4883968.96594, 3501968.32857",472644.114899832
"144","6","19","90","1","1","0","4733968.96594, 3101968.32857","4883968.96594, 3501968.32857",547008.326354348
"145","6","20","91","1","1","0","4735228.90168, 3086288.10399","4883968.96594, 3501968.32857",544072.723114064
"152","7","2","92","1","1","0","4762156.56185, 3518906.08454","4883968.96594, 3501968.32857",148576.520435078
"153","7","3","93","1","1","0","4758968.96594, 3501968.32857","4883968.96594, 3501968.32857",153947.339971935
"154","7","4","94","1","1","0","4758968.96594, 3476968.32857","4883968.96594, 3501968.32857",168839.246152261
"155","7","5","95","1","1","0","4758968.96594, 3451968.32857","4883968.96594, 3501968.32857",182963.532374532
"156","7","6","96","1","1","0","4758968.96594, 3426968.32857","4883968.96594, 3501968.32857",191078.831424004
"157","7","7","97","1","1","0","4758968.96594, 3401968.32857","4883968.96594, 3501968.32857",194416.547754047
"158","7","8","98","1","1","0","4758968.96594, 3376968.32857","4883968.96594, 3501968.32857",234112.338022852
"159","7","9","99","1","1","0","4758968.96594, 3351968.32857","4883968.96594, 3501968.32857",220377.835704737
"160","7","10","100","0","1","0","4758968.96594, 3326968.32857","4883968.96594, 3501968.32857",238506.384025499
"161","7","11","101","0","1","0","4758968.96594, 3301968.32857","4883968.96594, 3501968.32857",295768.534856223
"162","7","12","102","1","1","0","4758968.96594, 3276968.32857","4883968.96594, 3501968.32857",312504.4510607
"163","7","13","103","1","1","0","4758968.96594, 3251968.32857","4883968.96594, 3501968.32857",330312.012054962
"164","7","14","104","1","1","0","4758968.96594, 3226968.32857","4883968.96594, 3501968.32857",368647.16448729
"165","7","15","105","1","1","0","4758968.96594, 3201968.32857","4883968.96594, 3501968.32857",371371.242413061
"166","7","16","106","1","1","0","4758968.96594, 3176968.32857","4883968.96594, 3501968.32857",418800.930884862
"167","7","17","107","1","1","0","4758968.96594, 3151968.32857","4883968.96594, 3501968.32857",446078.040547921
"168","7","18","108","1","1","0","4758968.96594, 3126968.32857","4883968.96594, 3501968.32857",480093.205648355
"169","7","19","109","1","1","0","4758968.96594, 3101968.32857","4883968.96594, 3501968.32857",500042.39934773
"170","7","20","110","1","1","0","4761313.33565, 3082200.99377","4883968.96594, 3501968.32857",521746.000302538
"171","7","21","111","1","0","0","4768583.75458, 3057487.81204","4883968.96594, 3501968.32857",557618.324574727
"177","8","2","112","0","0","0","4785228.86235, 3524149.56167","4883968.96594, 3501968.32857",121891.440586711
"178","8","3","113","1","1","0","4783968.96594, 3501968.32857","4883968.96594, 3501968.32857",124057.135142552
"179","8","4","114","1","0","0","4783968.96594, 3476968.32857","4883968.96594, 3501968.32857",166807.652058665
"180","8","5","115","1","1","0","4783968.96594, 3451968.32857","4883968.96594, 3501968.32857",196775.714375368
"181","8","6","116","1","1","0","4783968.96594, 3426968.32857","4883968.96594, 3501968.32857",165304.093193216
"182","8","7","117","1","1","0","4783968.96594, 3401968.32857","4883968.96594, 3501968.32857",206356.545860449
"183","8","8","118","1","1","0","4783968.96594, 3376968.32857","4883968.96594, 3501968.32857",187413.767089334
"184","8","9","119","1","1","0","4783968.96594, 3351968.32857","4883968.96594, 3501968.32857",220191.51226224
"185","8","10","120","1","1","0","4783968.96594, 3326968.32857","4883968.96594, 3501968.32857",244445.719862874
"186","8","11","121","1","1","0","4783968.96594, 3301968.32857","4883968.96594, 3501968.32857",271839.623648165
"187","8","12","122","1","1","0","4783968.96594, 3276968.32857","4883968.96594, 3501968.32857",290240.319779916
"188","8","13","123","1","1","0","4783968.96594, 3251968.32857","4883968.96594, 3501968.32857",309017.832713006
"189","8","14","124","1","1","0","4783968.96594, 3226968.32857","4883968.96594, 3501968.32857",364341.112326935
"190","8","15","125","1","1","0","4783968.96594, 3201968.32857","4883968.96594, 3501968.32857",368997.438100298
"191","8","16","126","1","1","0","4783968.96594, 3176968.32857","4883968.96594, 3501968.32857",406639.44533109
"192","8","17","127","1","1","0","4783968.96594, 3151968.32857","4883968.96594, 3501968.32857",461012.549169798
"193","8","18","128","1","1","0","4783968.96594, 3126968.32857","4883968.96594, 3501968.32857",463040.16568643
"194","8","19","129","1","1","0","4783968.96594, 3101968.32857","4883968.96594, 3501968.32857",487031.258090274
"195","8","20","130","0","1","0","4783968.96594, 3076968.32857","4883968.96594, 3501968.32857",534640.652682225
"196","8","21","131","1","1","0","4784686.90623, 3052716.97132","4883968.96594, 3501968.32857",543260.336925926
"197","8","22","132","1","1","0","4791521.00613, 3035090.06501","4883968.96594, 3501968.32857",560515.840175671
"201","9","1","133","0","1","0","4813523.30226, 3543079.83716","4883968.96594, 3501968.32857",107143.715916641
"202","9","2","134","1","1","0","4808974.92608, 3526962.26438","4883968.96594, 3501968.32857",100819.993460233
"203","9","3","135","1","1","0","4808968.96594, 3501968.32857","4883968.96594, 3501968.32857",99086.5488921738
"204","9","4","136","1","0","0","4808968.96594, 3476968.32857","4883968.96594, 3501968.32857",83768.4094352891
"205","9","5","137","1","0","0","4808968.96594, 3451968.32857","4883968.96594, 3501968.32857",119721.715692459
"206","9","6","138","1","1","0","4808968.96594, 3426968.32857","4883968.96594, 3501968.32857",135225.213166505
"207","9","7","139","1","1","0","4808968.96594, 3401968.32857","4883968.96594, 3501968.32857",148601.789686862
"208","9","8","140","1","1","0","4808968.96594, 3376968.32857","4883968.96594, 3501968.32857",174676.413138968
"209","9","9","141","1","1","0","4808968.96594, 3351968.32857","4883968.96594, 3501968.32857",206986.674445458
"210","9","10","142","0","1","0","4808968.96594, 3326968.32857","4883968.96594, 3501968.32857",223475.904926859
"211","9","11","143","0","1","0","4808968.96594, 3301968.32857","4883968.96594, 3501968.32857",254226.160914488
"212","9","12","144","1","1","0","4808968.96594, 3276968.32857","4883968.96594, 3501968.32857",290034.208279431
"213","9","13","145","1","1","0","4808968.96594, 3251968.32857","4883968.96594, 3501968.32857",322284.109914748
"214","9","14","146","1","1","0","4808968.96594, 3226968.32857","4883968.96594, 3501968.32857",341909.506234707
"215","9","15","147","1","1","0","4808968.96594, 3201968.32857","4883968.96594, 3501968.32857",374096.483121127
"216","9","16","148","1","1","0","4808968.96594, 3176968.32857","4883968.96594, 3501968.32857",399153.186621344
"217","9","17","149","1","1","0","4808968.96594, 3151968.32857","4883968.96594, 3501968.32857",427423.768426618
"218","9","18","150","1","1","0","4808968.96594, 3126968.32857","4883968.96594, 3501968.32857",449422.096533999
"219","9","19","151","1","1","0","4808968.96594, 3101968.32857","4883968.96594, 3501968.32857",475719.183200406
"220","9","20","152","1","1","0","4808963.71733, 3076981.01265","4883968.96594, 3501968.32857",509117.614955002
"221","9","21","153","1","1","0","4819633.1913, 3064172.62669","4883968.96594, 3501968.32857",525827.879073626
"221","9","21","154","1","1","0","4803109.88219, 3053150.7612","4883968.96594, 3501968.32857",540361.24161854
"222","9","22","155","1","0","0","4800171.1875, 3032666.72987","4883968.96594, 3501968.32857",566190.308305677
"226","10","1","156","0","0","0","4835402.30789, 3548052.12268","4883968.96594, 3501968.32857",52300.7344077622
"227","10","2","157","1","1","0","4833968.96594, 3526968.32857","4883968.96594, 3501968.32857",68844.6639607886
"228","10","3","158","0","0","0","4833968.96594, 3501968.32857","4883968.96594, 3501968.32857",55834.1750979964
"229","10","4","159","1","1","0","4833968.96594, 3476968.32857","4883968.96594, 3501968.32857",75585.2170194143
"230","10","5","160","0","1","0","4833968.96594, 3451968.32857","4883968.96594, 3501968.32857",101826.163242622
"231","10","6","161","1","1","0","4833968.96594, 3426968.32857","4883968.96594, 3501968.32857",107984.702851345
"232","10","7","162","1","1","0","4833968.96594, 3401968.32857","4883968.96594, 3501968.32857",150398.043733328
"233","10","8","163","1","1","0","4833968.96594, 3376968.32857","4883968.96594, 3501968.32857",186467.297279727
"234","10","9","164","1","1","0","4833968.96594, 3351968.32857","4883968.96594, 3501968.32857",183196.180408134
"235","10","10","165","1","1","0","4833968.96594, 3326968.32857","4883968.96594, 3501968.32857",236721.271103666
"236","10","11","166","1","1","0","4833968.96594, 3301968.32857",,
"237","10","12","167","1","1","0","4833968.96594, 3276968.32857","4883968.96594, 3501968.32857",272472.278349779
"238","10","13","168","1","1","0","4833968.96594, 3251968.32857","4883968.96594, 3501968.32857",299657.208718428
"239","10","14","169","1","1","0","4833968.96594, 3226968.32857","4883968.96594, 3501968.32857",324701.691576826
"240","10","15","170","1","1","0","4833968.96594, 3201968.32857","4883968.96594, 3501968.32857",349961.212444742
"241","10","16","171","1","1","0","4833968.96594, 3176968.32857","4883968.96594, 3501968.32857",379519.039975033
"242","10","17","172","1","1","0","4833968.96594, 3151968.32857","4883968.96594, 3501968.32857",406020.475908229
"243","10","18","173","1","1","0","4833968.96594, 3126968.32857","4883968.96594, 3501968.32857",451692.403110337
"244","10","19","174","1","1","0","4833968.96594, 3101968.32857","4883968.96594, 3501968.32857",503067.710033554
"245","10","20","175","1","1","0","4833968.96594, 3076968.32857","4883968.96594, 3501968.32857",523232.809908747
"246","10","21","176","1","1","0","4836861.30761, 3062785.09626","4883968.96594, 3501968.32857",533106.169930159
"251","11","1","177","0","1","0","4854612.8855, 3549240.55986",,
"252","11","2","178","1","1","0","4858891.75511, 3526893.74047","4883968.96594, 3501968.32857",38403.1775565669
"253","11","3","179","1","1","0","4858968.96594, 3501968.32857","4883968.96594, 3501968.32857",33824.7497952439
"254","11","4","180","1","1","0","4858968.96594, 3476968.32857","4883968.96594, 3501968.32857",50767.8501752068
"255","11","5","181","1","1","0","4858968.96594, 3451968.32857","4883968.96594, 3501968.32857",72637.8762414286
"256","11","6","182","1","1","0","4858968.96594, 3426968.32857","4883968.96594, 3501968.32857",104310.55356861
"257","11","7","183","0","1","0","4858968.96594, 3401968.32857","4883968.96594, 3501968.32857",129429.095316954
"258","11","8","184","1","1","1","4858968.96594, 3376968.32857","4883968.96594, 3501968.32857",142274.917956098
"259","11","9","185","1","1","1","4858968.96594, 3351968.32857","4883968.96594, 3501968.32857",173513.619392533
"260","11","10","186","1","1","0","4858968.96594, 3326968.32857","4883968.96594, 3501968.32857",214930.125222688
"261","11","11","187","1","1","0","4858968.96594, 3301968.32857","4883968.96594, 3501968.32857",233308.00950471
"262","11","12","188","1","1","0","4858968.96594, 3276968.32857","4883968.96594, 3501968.32857",301742.755692442
"263","11","13","189","1","0","0","4858968.96594, 3251968.32857","4883968.96594, 3501968.32857",299939.115100253
"264","11","14","190","1","1","0","4858968.96594, 3226968.32857","4883968.96594, 3501968.32857",341209.771398611
"265","11","15","191","1","1","0","4858968.96594, 3201968.32857","4883968.96594, 3501968.32857",364823.738183803
"266","11","16","192","1","1","0","4858968.96594, 3176968.32857","4883968.96594, 3501968.32857",396270.796771422
"267","11","17","193","1","1","0","4858968.96594, 3151968.32857","4883968.96594, 3501968.32857",435245.407926922
"268","11","18","194","1","1","0","4858968.96594, 3126968.32857","4883968.96594, 3501968.32857",474322.595892891
"269","11","19","195","1","1","0","4858968.96594, 3101968.32857","4883968.96594, 3501968.32857",500985.479707089
"270","11","20","196","1","1","0","4858968.96594, 3076968.32857","4883968.96594, 3501968.32857",548130.266827856
"271","11","21","197","1","1","0","4861534.00355, 3059573.52789","4883968.96594, 3501968.32857",561264.275759371
"277","12","2","198","0","1","0","4878017.10056, 3520897.42756","4883968.96594, 3501968.32857",20658.1533003013
"278","12","3","199","1","1","1","4883968.96594, 3501968.32857",,
"279","12","4","200","1","1","1","4883968.96594, 3476968.32857","4883968.96594, 3501968.32857",35858.0038708499
"280","12","5","201","1","1","0","4883968.96594, 3451968.32857","4883968.96594, 3501968.32857",53856.8138958334
"281","12","6","202","1","1","0","4883968.96594, 3426968.32857","4883968.96594, 3501968.32857",79696.6970513806
"282","12","7","203","1","1","1","4883968.96594, 3401968.32857","4883968.96594, 3501968.32857",108061.260006996
"283","12","8","204","1","1","1","4883968.96594, 3376968.32857","4883968.96594, 3501968.32857",158133.57865211
"284","12","9","205","1","1","1","4883968.96594, 3351968.32857","4883968.96594, 3501968.32857",189064.343148542
"285","12","10","206","1","1","0","4883968.96594, 3326968.32857","4883968.96594, 3501968.32857",211950.57893482
"286","12","11","207","1","1","0","4883968.96594, 3301968.32857","4883968.96594, 3501968.32857",236133.634993993
"287","12","12","208","1","1","0","4883968.96594, 3276968.32857","4883968.96594, 3501968.32857",313989.232859437
"288","12","13","209","1","0","0","4883968.96594, 3251968.32857","4883968.96594, 3501968.32857",318180.347441654
"289","12","14","210","1","0","0","4883968.96594, 3226968.32857","4883968.96594, 3501968.32857",397859.379222748
"290","12","15","211","1","1","0","4883968.96594, 3201968.32857","4883968.96594, 3501968.32857",392351.470725024
"291","12","16","212","1","1","0","4883968.96594, 3176968.32857","4883968.96594, 3501968.32857",399497.264363431
"292","12","17","213","1","1","0","4883968.96594, 3151968.32857","4883968.96594, 3501968.32857",422488.346407288
"293","12","18","214","1","1","0","4883968.96594, 3126968.32857","4883968.96594, 3501968.32857",463217.729051226
"294","12","19","215","1","1","0","4883968.96594, 3101968.32857","4883968.96594, 3501968.32857",507678.914362687
"295","12","20","216","1","1","0","4883968.96594, 3076968.32857","4883968.96594, 3501968.32857",543278.973839363
"296","12","21","217","1","1","0","4883979.67713, 3051978.60703","4883968.96594, 3501968.32857",585582.843865539
"297","12","22","218","1","1","0","4885619.49923, 3028533.23482","4883968.96594, 3501968.32857",623878.146073238
"302","13","2","219","0","0","0","4910582.32753, 3516646.80097","4883968.96594, 3501968.32857",10310.894577934
"303","13","3","220","1","0","1","4908968.96594, 3501968.32857","4883968.96594, 3501968.32857",40094.1379236206
"304","13","4","221","1","1","1","4908968.96594, 3476968.32857","4883968.96594, 3501968.32857",45460.3849364923
"305","13","5","222","1","1","1","4908968.96594, 3451968.32857","4883968.96594, 3501968.32857",73372.326089524
"306","13","6","223","1","1","1","4908968.96594, 3426968.32857","4883968.96594, 3501968.32857",90553.8654141024
"307","13","7","224","1","1","1","4908968.96594, 3401968.32857","4883968.96594, 3501968.32857",121183.507033664
"308","13","8","225","1","1","0","4908968.96594, 3376968.32857","4883968.96594, 3501968.32857",168789.022022105
"309","13","9","226","1","1","1","4908968.96594, 3351968.32857","4883968.96594, 3501968.32857",183821.52092671
"310","13","10","227","1","1","1","4908968.96594, 3326968.32857","4883968.96594, 3501968.32857",201192.160617569
"311","13","11","228","1","1","0","4908968.96594, 3301968.32857","4883968.96594, 3501968.32857",248213.29464484
"312","13","12","229","1","1","0","4908968.96594, 3276968.32857","4883968.96594, 3501968.32857",265796.921701983
"313","13","13","230","1","0","0","4908968.96594, 3251968.32857","4883968.96594, 3501968.32857",289583.113530605
"314","13","14","231","1","0","0","4908968.96594, 3226968.32857","4883968.96594, 3501968.32857",412275.369837507
"315","13","15","232","1","1","0","4908968.96594, 3201968.32857","4883968.96594, 3501968.32857",420120.654087877
"316","13","16","233","1","0","0","4908968.96594, 3176968.32857","4883968.96594, 3501968.32857",440592.608023987
"317","13","17","234","1","1","0","4908968.96594, 3151968.32857","4883968.96594, 3501968.32857",443415.313540042
"318","13","18","235","1","1","0","4908968.96594, 3126968.32857","4883968.96594, 3501968.32857",465091.406610651
"319","13","19","236","1","1","0","4908968.96594, 3101968.32857","4883968.96594, 3501968.32857",529715.442449883
"320","13","20","237","1","1","0","4908968.96594, 3076968.32857","4883968.96594, 3501968.32857",546526.409478357
"321","13","21","238","1","1","0","4908968.96594, 3051968.32857","4883968.96594, 3501968.32857",570805.651150185
"322","13","22","239","1","1","0","4908832.74047, 3028606.45835","4883968.96594, 3501968.32857",598341.121998953
"327","14","2","240","0","0","0","4934878.20245, 3518208.28671","4883968.96594, 3501968.32857",244943.873240215
"328","14","3","241","1","0","0","4933968.96594, 3501968.32857","4883968.96594, 3501968.32857",78703.9284377438
"329","14","4","242","1","1","0","4933968.96594, 3476968.32857","4883968.96594, 3501968.32857",68982.5418725506
"330","14","5","243","0","1","0","4933968.96594, 3451968.32857","4883968.96594, 3501968.32857",80104.5973684682
"331","14","6","244","1","1","0","4933968.96594, 3426968.32857","4883968.96594, 3501968.32857",100273.13137408
"332","14","7","245","1","1","0","4933968.96594, 3401968.32857","4883968.96594, 3501968.32857",147385.936477914
"333","14","8","246","1","1","0","4933968.96594, 3376968.32857","4883968.96594, 3501968.32857",180186.192897018
"334","14","9","247","1","1","0","4933968.96594, 3351968.32857","4883968.96594, 3501968.32857",207375.283403723
"335","14","10","248","1","1","1","4933968.96594, 3326968.32857","4883968.96594, 3501968.32857",227309.575693419
"336","14","11","249","1","1","0","4933968.96594, 3301968.32857","4883968.96594, 3501968.32857",246889.896407989
"337","14","12","250","1","1","0","4933968.96594, 3276968.32857","4883968.96594, 3501968.32857",294717.978753587
"338","14","13","251","1","1","0","4933968.96594, 3251968.32857","4883968.96594, 3501968.32857",303132.643113911
"339","14","14","252","1","1","0","4933968.96594, 3226968.32857","4883968.96594, 3501968.32857",319983.488041119
"340","14","15","253","1","1","0","4933968.96594, 3201968.32857","4883968.96594, 3501968.32857",394921.275726826
"341","14","16","254","1","1","0","4933968.96594, 3176968.32857","4883968.96594, 3501968.32857",416223.013662675
"342","14","17","255","1","1","0","4933968.96594, 3151968.32857","4883968.96594, 3501968.32857",443818.890153875
"343","14","18","256","1","1","0","4933968.96594, 3126968.32857","4883968.96594, 3501968.32857",490273.543149384
"344","14","19","257","1","1","0","4933968.96594, 3101968.32857","4883968.96594, 3501968.32857",498680.843136852
"345","14","20","258","1","1","0","4933968.96594, 3076968.32857","4883968.96594, 3501968.32857",528284.079448466
"346","14","21","259","1","1","0","4933968.96594, 3051968.32857","4883968.96594, 3501968.32857",569801.37117873
"347","14","22","260","1","1","0","4934512.06009, 3027749.59277","4883968.96594, 3501968.32857",590690.437892208
"348","14","23","261","1","1","0","4942015.88067, 3007789.63747","4883968.96594, 3501968.32857",627803.482351957
"352","15","2","262","1","1","0","4959031.92066, 3519198.32366","4883968.96594, 3501968.32857",242584.086363689
"353","15","3","263","1","1","0","4958968.96594, 3501968.32857","4883968.96594, 3501968.32857",259306.201219587
"354","15","4","264","1","1","0","4958968.96594, 3476968.32857","4883968.96594, 3501968.32857",105743.275549542
"355","15","5","265","1","1","0","4958968.96594, 3451968.32857","4883968.96594, 3501968.32857",116866.272682593
"356","15","6","266","1","1","0","4958968.96594, 3426968.32857","4883968.96594, 3501968.32857",124664.532912592
"357","15","7","267","1","1","0","4958968.96594, 3401968.32857","4883968.96594, 3501968.32857",142677.042973095
"358","15","8","268","0","1","0","4958968.96594, 3376968.32857","4883968.96594, 3501968.32857",188644.333074153
"359","15","9","269","1","1","0","4958968.96594, 3351968.32857","4883968.96594, 3501968.32857",225210.322589833
"360","15","10","270","1","0","1","4958968.96594, 3326968.32857","4883968.96594, 3501968.32857",235039.911324471
"361","15","11","271","1","1","0","4958968.96594, 3301968.32857","4883968.96594, 3501968.32857",274748.13998203
"362","15","12","272","1","1","0","4958968.96594, 3276968.32857","4883968.96594, 3501968.32857",286105.645206189
"363","15","13","273","1","1","0","4958968.96594, 3251968.32857","4883968.96594, 3501968.32857",314762.96462983
"364","15","14","274","1","1","0","4958968.96594, 3226968.32857","4883968.96594, 3501968.32857",344117.954170181
"365","15","15","275","1","1","0","4958968.96594, 3201968.32857","4883968.96594, 3501968.32857",372791.880599556
"366","15","16","276","1","1","0","4958968.96594, 3176968.32857","4883968.96594, 3501968.32857",442565.946870511
"367","15","17","277","1","1","0","4958968.96594, 3151968.32857","4883968.96594, 3501968.32857",452520.609626573
"368","15","18","278","1","1","0","4958968.96594, 3126968.32857","4883968.96594, 3501968.32857",477269.412360246
"369","15","19","279","1","1","0","4958968.96594, 3101968.32857","4883968.96594, 3501968.32857",499415.124306237
"370","15","20","280","1","1","0","4958968.96594, 3076968.32857","4883968.96594, 3501968.32857",526051.066837101
"371","15","21","281","1","1","0","4958968.96594, 3051968.32857","4883968.96594, 3501968.32857",576106.416181005
"372","15","22","282","1","1","1","4958968.96594, 3026968.32857","4883968.96594, 3501968.32857",607933.160410958
"373","15","23","283","1","1","1","4959120.75393, 3002112.77281","4883968.96594, 3501968.32857",633439.044974151
"374","15","24","284","1","1","1","4963121.97683, 2982373.35886","4883968.96594, 3501968.32857",648443.700554291
"377","16","2","285","0","0","0","4983987.33189, 3519258.54704","4883968.96594, 3501968.32857",217888.679662539
"378","16","3","286","0","1","0","4983968.96594, 3501968.32857","4883968.96594, 3501968.32857",209969.009759981
"379","16","4","287","0","1","0","4983968.96594, 3476968.32857","4883968.96594, 3501968.32857",192815.208815185
"380","16","5","288","1","1","0","4983968.96594, 3451968.32857","4883968.96594, 3501968.32857",157690.744950072
"381","16","6","289","1","0","0","4983968.96594, 3426968.32857","4883968.96594, 3501968.32857",153658.374186048
"382","16","7","290","0","1","0","4983968.96594, 3401968.32857","4883968.96594, 3501968.32857",164539.21949298
"383","16","8","291","0","0","0","4983968.96594, 3376968.32857","4883968.96594, 3501968.32857",197421.527864836
"384","16","9","292","1","1","0","4983968.96594, 3351968.32857","4883968.96594, 3501968.32857",235386.139730885
"385","16","10","293","1","1","1","4983968.96594, 3326968.32857","4883968.96594, 3501968.32857",244897.631857169
"386","16","11","294","1","1","1","4983968.96594, 3301968.32857","4883968.96594, 3501968.32857",260817.232165507
"387","16","12","295","1","1","0","4983968.96594, 3276968.32857","4883968.96594, 3501968.32857",309664.977870382
"388","16","13","296","1","1","0","4983968.96594, 3251968.32857","4883968.96594, 3501968.32857",352051.590320116
"389","16","14","297","1","1","0","4983968.96594, 3226968.32857","4883968.96594, 3501968.32857",358362.120361254
"390","16","15","298","1","1","0","4983968.96594, 3201968.32857","4883968.96594, 3501968.32857",397934.801887112
"391","16","16","299","1","1","0","4983968.96594, 3176968.32857","4883968.96594, 3501968.32857",422965.4356648
"392","16","17","300","1","1","0","4983968.96594, 3151968.32857","4883968.96594, 3501968.32857",451737.485676004
"393","16","18","301","1","1","0","4983968.96594, 3126968.32857","4883968.96594, 3501968.32857",473789.444751264
"394","16","19","302","1","1","0","4983968.96594, 3101968.32857","4883968.96594, 3501968.32857",529526.390147565
"395","16","20","303","1","1","0","4983968.96594, 3076968.32857","4883968.96594, 3501968.32857",543863.049820003
"396","16","21","304","1","1","0","4983968.96594, 3051968.32857","4883968.96594, 3501968.32857",575938.860079138
"397","16","22","305","1","1","1","4983968.96594, 3026968.32857","4883968.96594, 3501968.32857",601270.638034214
"398","16","23","306","1","1","0","4983968.96594, 3001968.32857","4883968.96594, 3501968.32857",641515.226313995
"399","16","24","307","1","1","0","4984649.91019, 2978949.63686","4883968.96594, 3501968.32857",663775.466337048
"402","17","2","308","1","0","0","5008987.17139, 3519300.7754","4883968.96594, 3501968.32857",241580.022008292
"403","17","3","309","1","0","0","5008968.96594, 3501968.32857","4883968.96594, 3501968.32857",186981.269341125
"404","17","4","310","1","1","0","5008968.96594, 3476968.32857","4883968.96594, 3501968.32857",177404.456325539
"405","17","5","311","1","1","0","5008968.96594, 3451968.32857","4883968.96594, 3501968.32857",175966.91454276
"406","17","6","312","1","1","0","5008968.96594, 3426968.32857","4883968.96594, 3501968.32857",209257.091550424
"407","17","7","313","1","1","0","5008968.96594, 3401968.32857","4883968.96594, 3501968.32857",191955.124162137
"408","17","8","314","1","1","0","5008968.96594, 3376968.32857","4883968.96594, 3501968.32857",203082.939524405
"409","17","9","315","1","1","0","5008968.96594, 3351968.32857","4883968.96594, 3501968.32857",252498.795909323
"410","17","10","316","1","1","0","5008968.96594, 3326968.32857","4883968.96594, 3501968.32857",266443.91989193
"411","17","11","317","1","0","1","5008968.96594, 3301968.32857","4883968.96594, 3501968.32857",355708.149711827
"412","17","12","318","1","1","0","5008968.96594, 3276968.32857","4883968.96594, 3501968.32857",345417.880477154
"413","17","13","319","1","1","0","5008968.96594, 3251968.32857","4883968.96594, 3501968.32857",359042.358948243
"414","17","14","320","1","1","0","5008968.96594, 3226968.32857","4883968.96594, 3501968.32857",384271.839226261
"415","17","15","321","1","1","0","5008968.96594, 3201968.32857","4883968.96594, 3501968.32857",395984.020556678
"416","17","16","322","1","0","0","5008968.96594, 3176968.32857","4883968.96594, 3501968.32857",440231.335694838
"417","17","17","323","1","0","0","5008968.96594, 3151968.32857","4883968.96594, 3501968.32857",460367.235549566
"418","17","18","324","0","1","0","5008968.96594, 3126968.32857","4883968.96594, 3501968.32857",497922.013015071
"419","17","19","325","1","1","0","5008968.96594, 3101968.32857","4883968.96594, 3501968.32857",519195.622126064
"420","17","20","326","1","1","0","5008968.96594, 3076968.32857","4883968.96594, 3501968.32857",566332.189800294
"421","17","21","327","1","1","0","5008968.96594, 3051968.32857","4883968.96594, 3501968.32857",599596.120792132
"422","17","22","328","1","1","1","5008968.96594, 3026968.32857","4883968.96594, 3501968.32857",624646.661831299
"423","17","23","329","1","1","0","5008968.96594, 3001968.32857","4883968.96594, 3501968.32857",654653.900075059
"424","17","24","330","1","0","0","5008987.65412, 2976988.07829",,
"425","17","25","331","1","1","0","5014041.07925, 2962443.34984",,
"427","18","2","332","1","0","0","5033987.01368, 3519343.00375","4883968.96594, 3501968.32857",241580.022008292
"428","18","3","333","1","1","0","5033968.96594, 3501968.32857","4883968.96594, 3501968.32857",227655.996319929
"429","18","4","334","1","1","0","5033968.96594, 3476968.32857","4883968.96594, 3501968.32857",202005.057792605
"430","18","5","335","1","1","0","5033968.96594, 3451968.32857","4883968.96594, 3501968.32857",194576.735939135
"431","18","6","336","1","1","0","5033968.96594, 3426968.32857","4883968.96594, 3501968.32857",220805.089887577
"432","18","7","337","1","0","0","5033968.96594, 3401968.32857","4883968.96594, 3501968.32857",233503.208644818
"433","18","8","338","1","1","0","5033968.96594, 3376968.32857","4883968.96594, 3501968.32857",218067.104881829
"434","18","9","339","1","1","0","5033968.96594, 3351968.32857","4883968.96594, 3501968.32857",236717.891982364
"435","18","10","340","1","1","0","5033968.96594, 3326968.32857","4883968.96594, 3501968.32857",282163.626338379
"436","18","11","341","1","1","1","5033968.96594, 3301968.32857","4883968.96594, 3501968.32857",284802.165575246
"437","18","12","342","1","1","0","5033968.96594, 3276968.32857","4883968.96594, 3501968.32857",360683.211232475
"438","18","13","343","1","1","0","5033968.96594, 3251968.32857","4883968.96594, 3501968.32857",378705.83142998
"439","18","14","344","1","1","0","5033968.96594, 3226968.32857","4883968.96594, 3501968.32857",405483.014139752
"440","18","15","345","1","1","0","5033968.96594, 3201968.32857","4883968.96594, 3501968.32857",420186.331960985
"441","18","16","346","1","1","0","5033968.96594, 3176968.32857","4883968.96594, 3501968.32857",432860.119943273
"442","18","17","347","1","1","0","5033968.96594, 3151968.32857","4883968.96594, 3501968.32857",463621.901294787
"443","18","18","348","0","1","0","5033968.96594, 3126968.32857","4883968.96594, 3501968.32857",503859.958879645
"444","18","19","349","1","1","0","5033968.96594, 3101968.32857","4883968.96594, 3501968.32857",545352.651838901
"445","18","20","350","1","1","0","5033968.96594, 3076968.32857","4883968.96594, 3501968.32857",550147.765699126
"446","18","21","351","1","1","1","5033968.96594, 3051968.32857","4883968.96594, 3501968.32857",582716.443907324
"447","18","22","352","1","1","1","5033968.96594, 3026968.32857","4883968.96594, 3501968.32857",605584.650168509
"448","18","23","353","1","1","0","5033968.96594, 3001968.32857","4883968.96594, 3501968.32857",676028.824126302
"449","18","24","354","1","1","0","5033968.96594, 2976968.32857","4883968.96594, 3501968.32857",689740.43682572
"450","18","25","355","1","1","0","5035466.31652, 2959522.89268","4883968.96594, 3501968.32857",720334.881535123
"452","19","2","356","0","1","0","5060027.02089, 3520677.54663","4883968.96594, 3501968.32857",257454.899863209
"453","19","3","357","0","1","0","5058968.96594, 3501968.32857","4883968.96594, 3501968.32857",252761.467569197
"454","19","4","358","1","1","0","5058968.96594, 3476968.32857","4883968.96594, 3501968.32857",234486.759109752
"455","19","5","359","1","1","0","5058968.96594, 3451968.32857","4883968.96594, 3501968.32857",232298.04005088
"456","19","6","360","1","1","0","5058968.96594, 3426968.32857","4883968.96594, 3501968.32857",226052.602287871
"457","19","7","361","0","0","0","5058968.96594, 3401968.32857","4883968.96594, 3501968.32857",233503.208644818
"458","19","8","362","1","0","0","5058968.96594, 3376968.32857","4883968.96594, 3501968.32857",233072.185869969
"459","19","9","363","1","0","0","5058968.96594, 3351968.32857","4883968.96594, 3501968.32857",252754.873698975
"460","19","10","364","1","1","0","5058968.96594, 3326968.32857","4883968.96594, 3501968.32857",268378.453131556
"461","19","11","365","1","1","1","5058968.96594, 3301968.32857","4883968.96594, 3501968.32857",336570.357446261
"462","19","12","366","1","1","0","5058968.96594, 3276968.32857","4883968.96594, 3501968.32857",339838.629179573
"463","19","13","367","1","1","0","5058968.96594, 3251968.32857","4883968.96594, 3501968.32857",376351.536030856
"464","19","14","368","1","0","0","5058968.96594, 3226968.32857","4883968.96594, 3501968.32857",405483.014139752
"465","19","15","369","1","1","0","5058968.96594, 3201968.32857","4883968.96594, 3501968.32857",447253.48451139
"466","19","16","370","1","1","0","5058968.96594, 3176968.32857","4883968.96594, 3501968.32857",464824.225682222
"467","19","17","371","1","1","0","5058968.96594, 3151968.32857","4883968.96594, 3501968.32857",493338.927733626
"468","19","18","372","1","1","0","5058968.96594, 3126968.32857","4883968.96594, 3501968.32857",521474.44035972
"469","19","19","373","1","1","0","5058968.96594, 3101968.32857","4883968.96594, 3501968.32857",545413.385708842
"470","19","20","374","0","0","0","5058968.96594, 3076968.32857","4883968.96594, 3501968.32857",555861.920003042
"471","19","21","375","1","1","1","5058968.96594, 3051968.32857","4883968.96594, 3501968.32857",612710.803501953
"472","19","22","376","1","1","0","5058968.96594, 3026968.32857","4883968.96594, 3501968.32857",619530.542384307
"473","19","23","377","1","1","0","5058968.96594, 3001968.32857","4883968.96594, 3501968.32857",710357.176727706
"474","19","24","378","1","0","0","5058968.96594, 2976968.32857","4883968.96594, 3501968.32857",706388.81259688
"475","19","25","379","1","0","0","5058485.92257, 2957501.39156","4883968.96594, 3501968.32857",717963.470960797
"477","20","2","380","1","0","0","5084705.10111, 3523902.30573","4883968.96594, 3501968.32857",288865.853340821
"478","20","3","381","1","1","0","5083968.96594, 3501968.32857","4883968.96594, 3501968.32857",282835.506337686
"479","20","4","382","1","1","0","5083968.96594, 3476968.32857","4883968.96594, 3501968.32857",263425.083643517
"480","20","5","383","1","1","0","5083968.96594, 3451968.32857","4883968.96594, 3501968.32857",257022.956210556
"481","20","6","384","1","0","0","5083968.96594, 3426968.32857","4883968.96594, 3501968.32857",242602.540372513
"482","20","7","385","1","1","0","5083968.96594, 3401968.32857","4883968.96594, 3501968.32857",411415.800486688
"483","20","8","386","1","1","0","5083968.96594, 3376968.32857","4883968.96594, 3501968.32857",395859.228162825
"484","20","9","387","1","1","0","5083968.96594, 3351968.32857","4883968.96594, 3501968.32857",369739.909470371
"485","20","10","388","1","1","0","5083968.96594, 3326968.32857","4883968.96594, 3501968.32857",346426.475945894
"486","20","11","389","1","1","1","5083968.96594, 3301968.32857","4883968.96594, 3501968.32857",332511.760063272
"487","20","12","390","1","1","1","5083968.96594, 3276968.32857","4883968.96594, 3501968.32857",345070.264138636
"488","20","13","391","1","1","1","5083968.96594, 3251968.32857","4883968.96594, 3501968.32857",371649.350078109
"489","20","14","392","1","1","0","5083968.96594, 3226968.32857","4883968.96594, 3501968.32857",396870.779242346
"490","20","15","393","1","1","0","5083968.96594, 3201968.32857","4883968.96594, 3501968.32857",437752.370472913
"491","20","16","394","1","1","0","5083968.96594, 3176968.32857","4883968.96594, 3501968.32857",454116.117173164
"492","20","17","395","1","1","0","5083968.96594, 3151968.32857","4883968.96594, 3501968.32857",478230.644859535
"493","20","18","396","1","0","0","5083968.96594, 3126968.32857","4883968.96594, 3501968.32857",552338.209117325
"494","20","19","397","1","1","0","5083968.96594, 3101968.32857","4883968.96594, 3501968.32857",557124.943569738
"495","20","20","398","1","0","1","5083968.96594, 3076968.32857","4883968.96594, 3501968.32857",559254.912237495
"496","20","21","399","1","1","1","5083968.96594, 3051968.32857","4883968.96594, 3501968.32857",643005.794462499
"497","20","22","400","1","0","0","5083968.96594, 3026968.32857","4883968.96594, 3501968.32857",635944.721783128
"498","20","23","401","1","1","0","5083968.96594, 3001968.32857","4883968.96594, 3501968.32857",741100.022573677
"499","20","24","402","1","1","0","5083893.68082, 2977048.58569","4883968.96594, 3501968.32857",759705.008088671
"500","20","25","403","1","1","0","5078401.3574, 2961163.13028","4883968.96594, 3501968.32857",823620.776104647
"501","21","1","404","0","0","0","5116958.88634, 3540658.67286","4883968.96594, 3501968.32857",345084.741932044
"502","21","2","405","1","0","0","5109216.86689, 3526640.02436","4883968.96594, 3501968.32857",303393.854012917
"503","21","3","406","1","1","0","5108968.96594, 3501968.32857","4883968.96594, 3501968.32857",303393.854012917
"504","21","4","407","1","1","0","5108968.96594, 3476968.32857","4883968.96594, 3501968.32857",291921.806404326
"505","21","5","408","1","1","0","5108968.96594, 3451968.32857","4883968.96594, 3501968.32857",281647.345316263
"506","21","6","409","1","0","0","5108968.96594, 3426968.32857","4883968.96594, 3501968.32857",453265.46398269
"507","21","7","410","1","1","0","5108968.96594, 3401968.32857","4883968.96594, 3501968.32857",425283.221940583
"508","21","8","411","1","1","0","5108968.96594, 3376968.32857","4883968.96594, 3501968.32857",400396.979751953
"509","21","9","412","1","1","0","5108968.96594, 3351968.32857","4883968.96594, 3501968.32857",376789.634113463
"510","21","10","413","1","1","0","5108968.96594, 3326968.32857","4883968.96594, 3501968.32857",352909.664079011
"511","21","11","414","1","1","0","5108968.96594, 3301968.32857","4883968.96594, 3501968.32857",355069.991422501
"512","21","12","415","1","1","0","5108968.96594, 3276968.32857","4883968.96594, 3501968.32857",370857.903735984
"513","21","13","416","1","1","1","5108968.96594, 3251968.32857","4883968.96594, 3501968.32857",386406.073618576
"514","21","14","417","1","1","1","5108968.96594, 3226968.32857","4883968.96594, 3501968.32857",453725.550260097
"515","21","15","418","1","1","0","5108968.96594, 3201968.32857","4883968.96594, 3501968.32857",434130.630167947
"516","21","16","419","1","0","0","5108968.96594, 3176968.32857","4883968.96594, 3501968.32857",491499.942887158
"517","21","17","420","1","1","0","5108968.96594, 3151968.32857","4883968.96594, 3501968.32857",503154.510748749
"518","21","18","421","1","0","0","5108968.96594, 3126968.32857","4883968.96594, 3501968.32857",583696.747293057
"519","21","19","422","1","1","1","5108968.96594, 3101968.32857","4883968.96594, 3501968.32857",576995.204985209
"520","21","20","423","1","0","1","5108968.96594, 3076968.32857","4883968.96594, 3501968.32857",606865.27430885
"521","21","21","424","1","1","0","5108968.96594, 3051968.32857","4883968.96594, 3501968.32857",663479.153438723
"522","21","22","425","0","1","0","5108968.96594, 3026968.32857","4883968.96594, 3501968.32857",691744.509937351
"523","21","23","426","1","1","0","5108968.96594, 3001968.32857","4883968.96594, 3501968.32857",718224.461655796
"524","21","24","427","1","1","0","5107511.38385, 2980602.61215","4883968.96594, 3501968.32857",784861.615121047
"526","22","1","428","0","0","0","5135969.84399, 3543167.45174","4883968.96594, 3501968.32857",392767.261139919
"527","22","2","429","1","0","0","5133968.96594, 3526968.32857","4883968.96594, 3501968.32857",347173.635755045
"528","22","3","430","1","1","0","5133968.96594, 3501968.32857","4883968.96594, 3501968.32857",340880.836345847
"529","22","4","431","1","1","0","5133968.96594, 3476968.32857","4883968.96594, 3501968.32857",325839.509398081
"530","22","5","432","1","1","0","5133968.96594, 3451968.32857","4883968.96594, 3501968.32857",344938.515556317
"531","22","6","433","1","0","0","5133968.96594, 3426968.32857","4883968.96594, 3501968.32857",453265.46398269
"532","22","7","434","1","1","0","5133968.96594, 3401968.32857","4883968.96594, 3501968.32857",452800.23104748
"533","22","8","435","1","1","0","5133968.96594, 3376968.32857","4883968.96594, 3501968.32857",403929.353268074
"534","22","9","436","1","1","0","5133968.96594, 3351968.32857","4883968.96594, 3501968.32857",386763.68556494
"535","22","10","437","1","0","0","5133968.96594, 3326968.32857","4883968.96594, 3501968.32857",434083.665233069
"536","22","11","438","1","1","0","5133968.96594, 3301968.32857","4883968.96594, 3501968.32857",385647.723576661
"537","22","12","439","1","1","0","5133968.96594, 3276968.32857","4883968.96594, 3501968.32857",396867.182096239
"538","22","13","440","1","1","0","5133968.96594, 3251968.32857","4883968.96594, 3501968.32857",403341.083393496
"539","22","14","441","1","1","1","5133968.96594, 3226968.32857","4883968.96594, 3501968.32857",427022.142632253
"540","22","15","442","1","0","1","5133968.96594, 3201968.32857","4883968.96594, 3501968.32857",440057.269697752
"541","22","16","443","1","0","1","5133968.96594, 3176968.32857","4883968.96594, 3501968.32857",517772.015488681
"542","22","17","444","1","1","0","5133968.96594, 3151968.32857","4883968.96594, 3501968.32857",525665.477933706
"543","22","18","445","1","1","1","5133968.96594, 3126968.32857","4883968.96594, 3501968.32857",556139.848055575
"544","22","19","446","1","1","1","5133968.96594, 3101968.32857","4883968.96594, 3501968.32857",589379.812489607
"545","22","20","447","1","1","0","5133968.96594, 3076968.32857","4883968.96594, 3501968.32857",612763.951342124
"546","22","21","448","1","1","0","5133968.96594, 3051968.32857","4883968.96594, 3501968.32857",639830.736324002
"547","22","22","449","1","1","0","5133968.96594, 3026968.32857","4883968.96594, 3501968.32857",718263.468780046
"548","22","23","450","1","0","0","5133954.75933, 3001982.90283","4883968.96594, 3501968.32857",727954.357220384
"549","22","24","451","1","0","0","5129213.19692, 2985776.06463",,
"551","23","1","452","1","0","0","5158450.19584, 3545019.4888","4883968.96594, 3501968.32857",409824.325989314
"552","23","2","453","1","1","0","5158968.96594, 3526968.32857","4883968.96594, 3501968.32857",386220.577240055
"553","23","3","454","1","1","0","5158968.96594, 3501968.32857","4883968.96594, 3501968.32857",366840.271183712
"554","23","4","455","1","0","0","5158968.96594, 3476968.32857","4883968.96594, 3501968.32857",405711.172562002
"555","23","5","456","1","1","0","5158968.96594, 3451968.32857","4883968.96594, 3501968.32857",365579.614062312
"556","23","6","457","1","1","0","5158968.96594, 3426968.32857","4883968.96594, 3501968.32857",385090.439459484
"557","23","7","458","1","1","0","5158968.96594, 3401968.32857","4883968.96594, 3501968.32857",461244.953110533
"558","23","8","459","1","1","0","5158968.96594, 3376968.32857","4883968.96594, 3501968.32857",423595.080515751
"559","23","9","460","1","0","0","5158968.96594, 3351968.32857","4883968.96594, 3501968.32857",406370.993636649
"560","23","10","461","1","1","0","5158968.96594, 3326968.32857","4883968.96594, 3501968.32857",434083.665233069
"561","23","11","462","1","1","0","5158968.96594, 3301968.32857","4883968.96594, 3501968.32857",409744.193225253
"562","23","12","463","1","1","0","5158968.96594, 3276968.32857","4883968.96594, 3501968.32857",423804.902101916
"563","23","13","464","1","1","0","5158968.96594, 3251968.32857","4883968.96594, 3501968.32857",451015.867174696
"564","23","14","465","1","1","1","5158968.96594, 3226968.32857","4883968.96594, 3501968.32857",434464.167948523
"565","23","15","466","1","1","1","5158968.96594, 3201968.32857","4883968.96594, 3501968.32857",455735.456567512
"566","23","16","467","0","0","1","5158968.96594, 3176968.32857","4883968.96594, 3501968.32857",508185.753262784
"567","23","17","468","1","1","1","5158968.96594, 3151968.32857","4883968.96594, 3501968.32857",561853.381761213
"568","23","18","469","1","1","1","5158968.96594, 3126968.32857","4883968.96594, 3501968.32857",572184.788764554
"569","23","19","470","1","1","0","5158968.96594, 3101968.32857","4883968.96594, 3501968.32857",595225.426841149
"570","23","20","471","1","1","0","5158968.96594, 3076968.32857","4883968.96594, 3501968.32857",610163.058589769
"571","23","21","472","1","1","0","5158968.96594, 3051968.32857","4883968.96594, 3501968.32857",656920.915033212
"572","23","22","473","1","1","0","5158968.96594, 3026968.32857","4883968.96594, 3501968.32857",689374.731234264
"573","23","23","474","1","0","0","5159180.15655, 3002291.56357","4883968.96594, 3501968.32857",723471.40645802
"574","23","24","475","1","0","0","5167220.35119, 2988246.23154","4883968.96594, 3501968.32857",817612.59706869
"576","24","1","476","1","1","0","5178148.76947, 3542321.80869","4883968.96594, 3501968.32857",412659.686219216
"577","24","2","477","1","1","0","5182631.33858, 3526095.77611","4883968.96594, 3501968.32857",402403.000438665
"578","24","3","478","1","1","0","5183968.96594, 3501968.32857","4883968.96594, 3501968.32857",411906.006563065
"579","24","4","479","1","1","0","5183968.96594, 3476968.32857","4883968.96594, 3501968.32857",428887.126453266
"580","24","5","480","1","0","0","5183968.96594, 3451968.32857","4883968.96594, 3501968.32857",379666.551487463
"581","24","6","481","1","1","0","5183968.96594, 3426968.32857","4883968.96594, 3501968.32857",403698.313713187
"582","24","7","482","1","1","0","5183968.96594, 3401968.32857","4883968.96594, 3501968.32857",432303.529336901
"583","24","8","483","1","1","0","5183968.96594, 3376968.32857","4883968.96594, 3501968.32857",443117.741911659
"584","24","9","484","1","0","0","5183968.96594, 3351968.32857","4883968.96594, 3501968.32857",473759.907653612
"585","24","10","485","1","1","0","5183968.96594, 3326968.32857","4883968.96594, 3501968.32857",450488.203818569
"586","24","11","486","1","1","0","5183968.96594, 3301968.32857","4883968.96594, 3501968.32857",437793.444084452
"587","24","12","487","1","1","0","5183968.96594, 3276968.32857","4883968.96594, 3501968.32857",449160.7396877
"588","24","13","488","1","1","0","5183968.96594, 3251968.32857","4883968.96594, 3501968.32857",455661.341994813
"589","24","14","489","1","1","0","5183968.96594, 3226968.32857","4883968.96594, 3501968.32857",512688.752306408
"590","24","15","490","1","1","0","5183968.96594, 3201968.32857","4883968.96594, 3501968.32857",477903.545588711
"591","24","16","491","1","1","0","5183968.96594, 3176968.32857","4883968.96594, 3501968.32857",515276.618277686
"592","24","17","492","1","1","0","5183968.96594, 3151968.32857","4883968.96594, 3501968.32857",542096.779655428
"593","24","18","493","1","1","0","5183968.96594, 3126968.32857","4883968.96594, 3501968.32857",603691.948577826
"594","24","19","494","1","1","0","5183968.96594, 3101968.32857","4883968.96594, 3501968.32857",615158.99422258
"595","24","20","495","1","1","0","5183968.96594, 3076968.32857","4883968.96594, 3501968.32857",650031.019396044
"596","24","21","496","1","1","0","5183968.96594, 3051968.32857","4883968.96594, 3501968.32857",644161.872116964
"597","24","22","497","1","1","0","5183968.96594, 3026968.32857","4883968.96594, 3501968.32857",742572.157658908
"598","24","23","498","1","1","0","5183968.96594, 3001968.32857","4883968.96594, 3501968.32857",740218.097051325
"599","24","24","499","0","1","0","5186032.01176, 2985540.6821","4883968.96594, 3501968.32857",813795.78783174
"602","25","2","500","0","0","0","5197452.10649, 3516674.85102","4883968.96594, 3501968.32857",404414.204107032
"603","25","3","501","0","0","0","5201335.3068, 3499244.24322","4883968.96594, 3501968.32857",425898.1986337
"604","25","4","502","0","1","0","5207040.39477, 3475689.83577","4883968.96594, 3501968.32857",442049.695905374
"605","25","5","503","1","1","0","5208968.96594, 3451968.32857","4883968.96594, 3501968.32857",462356.204681842
"606","25","6","504","1","1","0","5208968.96594, 3426968.32857","4883968.96594, 3501968.32857",439959.319944625
"607","25","7","505","1","1","0","5208968.96594, 3401968.32857","4883968.96594, 3501968.32857",431034.913262083
"608","25","8","506","1","1","0","5208968.96594, 3376968.32857","4883968.96594, 3501968.32857",461305.573345635
"609","25","9","507","1","1","0","5208968.96594, 3351968.32857","4883968.96594, 3501968.32857",488426.895089323
"610","25","10","508","0","1","0","5208435.61755, 3327188.88887","4883968.96594, 3501968.32857",463361.270670681
"611","25","11","509","1","1","0","5208968.96594, 3301968.32857","4883968.96594, 3501968.32857",481066.904206679
"612","25","12","510","1","1","0","5208968.96594, 3276968.32857","4883968.96594, 3501968.32857",472954.057041789
"613","25","13","511","1","1","0","5208968.96594, 3251968.32857","4883968.96594, 3501968.32857",480714.107556803
"614","25","14","512","0","1","0","5208968.96594, 3226968.32857","4883968.96594, 3501968.32857",501862.305832962
"615","25","15","513","1","1","0","5208968.96594, 3201968.32857","4883968.96594, 3501968.32857",508791.74330752
"616","25","16","514","0","0","0","5208968.96594, 3176968.32857","4883968.96594, 3501968.32857",523634.574446198
"617","25","17","515","1","0","0","5208968.96594, 3151968.32857","4883968.96594, 3501968.32857",537895.211806076
"618","25","18","516","0","1","0","5208968.96594, 3126968.32857","4883968.96594, 3501968.32857",627719.487565186
"619","25","19","517","1","1","0","5208968.96594, 3101968.32857","4883968.96594, 3501968.32857",632047.628550376
"620","25","20","518","1","1","0","5208968.96594, 3076968.32857","4883968.96594, 3501968.32857",654560.401920914
"621","25","21","519","1","0","0","5208968.96594, 3051968.32857","4883968.96594, 3501968.32857",657859.979241983
"622","25","22","520","1","0","0","5208968.96594, 3026968.32857","4883968.96594, 3501968.32857",759423.261773757
"623","25","23","521","1","1","0","5208968.96594, 3001968.32857","4883968.96594, 3501968.32857",767896.911516155
"624","25","24","522","0","0","0","5210005.53592, 2982092.73796",,
"629","26","4","523","0","0","0","5222431.86596, 3466151.94289","4883968.96594, 3501968.32857",484243.452840475
"630","26","5","524","0","0","0","5227336.4555, 3449000.75981","4883968.96594, 3501968.32857",471974.420928946
"631","26","6","525","1","1","0","5233017.27209, 3426227.7125","4883968.96594, 3501968.32857",462534.717964084
"632","26","7","526","0","1","0","5233968.96594, 3401968.32857","4883968.96594, 3501968.32857",534951.756159706
"633","26","8","527","0","1","0","5233968.96594, 3376968.32857","4883968.96594, 3501968.32857",515308.400458743
"634","26","9","528","1","1","0","5230518.97957, 3354208.21177","4883968.96594, 3501968.32857",491644.539354868
"635","26","10","529","0","0","0","5224010.83021, 3335893.71227","4883968.96594, 3501968.32857",499164.330886533
"635","26","10","530","0","0","0","5223600.17019, 3315632.27656","4883968.96594, 3501968.32857",506714.432951096
"636","26","11","531","1","1","0","5232846.58207, 3300344.28993","4883968.96594, 3501968.32857",506714.432951096
"637","26","12","532","1","0","0","5233968.96594, 3276968.32857","4883968.96594, 3501968.32857",498197.654339958
"638","26","13","533","1","0","0","5233968.96594, 3251968.32857","4883968.96594, 3501968.32857",608019.660269388
"639","26","14","534","1","0","0","5233968.96594, 3226968.32857","4883968.96594, 3501968.32857",597175.004243636
"640","26","15","535","1","1","0","5233968.96594, 3201968.32857","4883968.96594, 3501968.32857",537403.323111139
"641","26","16","536","1","1","0","5233968.96594, 3176968.32857","4883968.96594, 3501968.32857",559004.462346178
"642","26","17","537","1","1","0","5233968.96594, 3151968.32857","4883968.96594, 3501968.32857",599893.576326106
"643","26","18","538","0","1","0","5233968.96594, 3126968.32857","4883968.96594, 3501968.32857",618837.919721807
"644","26","19","539","0","0","0","5233968.96594, 3101968.32857","4883968.96594, 3501968.32857",718041.600056942
"645","26","20","540","1","1","0","5233968.96594, 3076968.32857","4883968.96594, 3501968.32857",739736.337266077
"646","26","21","541","1","1","0","5233968.96594, 3051968.32857","4883968.96594, 3501968.32857",772059.740616561
"647","26","22","542","1","1","0","5231952.8505, 3028471.32396",,
"648","26","23","543","1","0","0","5230231.28674, 3000776.04628",,
"649","26","24","544","0","0","0","5234414.5535, 2978361.09728",,
"650","26","25","545","0","0","0","5246191.14652, 2964388.41492",,
"656","27","6","546","0","0","0","5247217.60277, 3417467.6997","4883968.96594, 3501968.32857",474931.500031094
"657","27","7","547","0","1","0","5249454.25786, 3399545.63536","4883968.96594, 3501968.32857",545126.984632625
"658","27","8","548","0","0","0","5250799.76804, 3379580.63422","4883968.96594, 3501968.32857",537454.594174558
"659","27","9","549","0","0","0","5246603.2244, 3364279.5213","4883968.96594, 3501968.32857",513523.65550045
"661","27","11","550","1","1","0","5250597.57143, 3295615.94477","4883968.96594, 3501968.32857",516008.824279026
"662","27","12","551","1","0","0","5252505.80226, 3276192.05649","4883968.96594, 3501968.32857",507846.836896458
"663","27","13","552","1","1","0","5254710.72044, 3251402.78428","4883968.96594, 3501968.32857",608019.660269388
"664","27","14","553","0","1","0","5257306.81327, 3226272.07266","4883968.96594, 3501968.32857",591041.519375087
"665","27","15","554","1","1","0","5258968.96594, 3201968.32857","4883968.96594, 3501968.32857",562148.086052772
"666","27","16","555","0","0","0","5258968.96594, 3176968.32857","4883968.96594, 3501968.32857",563557.132000669
"667","27","17","556","1","1","0","5258968.96594, 3151968.32857","4883968.96594, 3501968.32857",608760.399915856
"668","27","18","557","1","1","0","5258968.96594, 3126968.32857","4883968.96594, 3501968.32857",642970.867031354
"669","27","19","558","0","1","0","5258968.96594, 3101968.32857","4883968.96594, 3501968.32857",705144.553089665
"670","27","20","559","1","1","0","5258726.29441, 3077195.92856","4883968.96594, 3501968.32857",724698.389595004
"671","27","21","560","1","1","0","5253597.11186, 3054805.57255",,
"672","27","22","561","0","0","0","5247782.20406, 3037515.98988",,
"674","27","24","562","0","0","0","5248703.38546, 2970190.09065",,
"675","27","25","563","0","0","0","5251030.42766, 2963646.19063",,
"689","28","14","564","0","0","0","5273004.6777, 3216017.89369","4883968.96594, 3501968.32857",579341.767682141
"690","28","15","565","1","1","0","5281087.35088, 3199117.7007","4883968.96594, 3501968.32857",583597.331651559
"691","28","16","566","1","1","0","5283968.96594, 3176968.32857","4883968.96594, 3501968.32857",651287.318779817
"692","28","17","567","1","1","0","5283968.96594, 3151968.32857","4883968.96594, 3501968.32857",630275.88027899
"693","28","18","568","1","1","0","5283968.96594, 3126968.32857",,
"694","28","19","569","1","1","0","5282088.30415, 3103395.31955","4883968.96594, 3501968.32857",676137.658359481
"695","28","20","570","1","0","0","5275659.68268, 3083238.15727",,
"715","29","15","571","0","0","0","5297930.17635, 3190942.72028",,
"716","29","16","572","1","1","0","5302887.55704, 3175498.72384",,
"717","29","17","573","0","0","0","5303912.00209, 3151816.72172","4883968.96594, 3501968.32857",645944.985001225
"718","29","18","574","1","1","0","5302988.69652, 3129149.19538",,
"719","29","19","575","0","0","0","5297931.75532, 3112293.65799",,
