id,xIndex,yIndex,AUTO,xcoord,ycoord,BOOL_ROAD,BOOL_RAILWAY,BOOL_WATERCOURSE
2,1,2,1,1660959.29226271,7209551.792743268,False,False,False
3,1,3,2,1628932.1239530884,7162050.706801695,True,True,False
4,1,4,3,1628114.8425653325,7082446.506008228,True,True,False
5,1,5,4,1623978.82676645,6994464.011770778,True,True,False
6,1,6,5,1622670.7996214817,6924274.3485929,True,True,False
7,1,7,6,1634402.6927947486,6845738.973769861,True,True,False
8,1,8,7,1635034.8713527385,6763471.240660119,True,True,False
15,2,2,8,1721510.9933360117,7218821.278397834,True,True,False
16,2,3,9,1707888.2959448206,7159907.648278554,True,True,False
17,2,4,10,1701626.9123948445,7075641.423895078,True,True,False
18,2,5,11,1695523.1934937711,6992253.005941334,True,True,False
19,2,6,12,1689571.4459563496,6909718.170923787,True,True,False
20,2,7,13,1683766.2500939686,6828013.537801217,True,True,False
21,2,8,14,1679356.4231208519,6748151.058711159,True,True,False
22,2,9,15,1688509.3062350792,6667521.351906592,True,True,False
23,2,10,16,1687032.7264929763,6607339.367094914,True,True,False
27,3,1,17,1844208.9087061726,7278450.590976254,False,False,False
28,3,2,18,1802999.306945487,7230484.616141976,True,True,False
29,3,3,19,1792376.3870095965,7153200.935663114,True,True,False
30,3,4,20,1785235.2867714597,7069085.300227548,True,True,False
31,3,5,21,1778273.6831232412,6985841.904036587,True,True,False
32,3,6,22,1771485.110360753,6903446.790931412,True,True,False
33,3,7,23,1764863.4125752128,6821876.831317854,True,True,False
34,3,8,24,1758402.7254205162,6741109.683324366,True,True,False
35,3,9,25,1752097.4591516,6661123.7561524855,True,True,False
36,3,10,26,1748868.5024779588,6597975.511404454,True,True,False
40,4,1,27,1902917.7810815533,7286065.159148403,True,True,False
41,4,2,28,1884948.135094029,7230450.942235301,True,True,False
42,4,3,29,1876724.0119472975,7145614.790782402,True,True,False
43,4,4,30,1868708.5473396238,7061669.116111588,True,True,False
44,4,5,31,1860894.151997238,6978589.413398134,True,True,False
45,4,6,32,1853273.6032903022,6896352.026462946,True,True,False
46,4,7,33,1845840.023489791,6814934.10793159,True,True,False
47,4,8,34,1838586.8595503168,6734313.581634363,True,True,False
48,4,9,35,1831507.8642958472,6654469.107098998,True,True,False
49,4,10,36,1828453.2305587628,6579192.151107511,True,True,False
50,4,11,37,1838677.1631078057,6513276.709933455,True,True,False
53,5,1,38,1982689.8605314263,7295706.928715274,True,True,False
54,5,2,39,1970028.8987063658,7221794.026559813,True,True,False
55,5,3,40,1960914.3296604466,7137154.26277685,True,True,False
56,5,4,41,1952030.4789138262,7053397.670801113,True,True,False
57,5,5,42,1943368.9815230914,6970500.098394147,True,True,False
58,5,6,43,1934921.8751078036,6888438.220937586,True,True,False
59,5,7,44,1926681.5760874469,6807189.503072081,True,True,False
60,5,8,45,1918640.857577171,6726732.16245757,True,True,False
61,5,9,46,1910792.8288093845,6647045.135517365,True,True,False
62,5,10,47,1903134.8559030024,6568117.772859415,True,True,False
63,5,11,48,1922276.036780537,6524076.3773072455,True,True,False
63,5,11,49,1867190.0711426463,6506123.605875625,True,True,False
66,6,1,50,2044970.0824414142,7288453.714963105,True,True,False
67,6,2,51,2054928.8269642633,7212248.780529435,True,True,True
68,6,3,52,2044930.7388005438,7127824.951039567,True,True,False
69,6,4,53,2035185.0916214716,7044276.287558494,True,True,True
70,6,5,54,2025682.7650139288,6961579.022659904,True,True,True
71,6,6,55,2016415.0756195404,6879710.193702521,True,True,False
72,6,7,56,2007373.7514674703,6798647.606067095,True,True,False
73,6,8,57,1998550.908088297,6718369.798386394,True,True,False
74,6,9,58,1989939.0262672037,6638856.009642118,True,True,False
75,6,10,59,1981530.9313073785,6560086.148011734,True,True,False
76,6,11,60,1989196.332084958,6488053.15024485,True,True,False
79,7,1,61,2153800.279726802,7248628.3597152345,False,False,False
80,7,2,62,2139630.9572264417,7201821.6606440265,True,True,True
81,7,3,63,2128756.901212417,7117632.991389917,True,True,True
82,7,4,64,2118156.6430102177,7034310.8008171655,True,True,True
83,7,5,65,2107820.3285482056,6951831.737168263,True,True,True
84,7,6,66,2097738.5737694763,6870173.228937526,True,True,False
85,7,7,67,2087902.4371838884,6789313.449814243,True,True,False
86,7,8,68,2078303.3943123028,6709231.285482606,True,True,False
87,7,9,69,2068933.3138735413,6629906.30216476,True,True,False
88,7,10,70,2059784.435577824,6551318.7168008145,True,True,False
89,7,11,71,2051539.6949519864,6475296.193539426,True,True,False
90,7,12,72,2076927.76754595,6420782.337634594,True,True,False
92,8,1,73,2231456.5945410565,7240865.988451625,True,True,False
93,8,2,74,2224118.6308831032,7190519.670431952,True,True,False
94,8,3,75,2212376.7644334733,7106585.041061875,True,True,False
95,8,4,76,2200929.659288174,7023507.542237632,True,True,False
96,8,5,77,2189766.7510328484,6941264.267266171,True,True,True
97,8,6,78,2178877.976601343,6859833.063592927,True,True,True
98,8,7,79,2168253.745176988,6779192.499548377,True,True,False
99,8,8,80,2157884.9110855563,6699321.832808695,True,True,False
100,8,9,81,2147762.7485238304,6620200.980469449,True,True,False
101,8,10,82,2137878.9279814563,6541810.490637661,True,True,False
102,8,11,83,2128225.494226127,6464131.51545362,True,True,True
103,8,12,84,2123269.1844468336,6392963.0100331735,True,True,True
105,9,1,85,2316177.1379276533,7228697.638765148,True,False,False
106,9,2,86,2308375.5160974064,7178350.34308684,True,True,False
107,9,3,87,2295774.583179166,7094688.262581594,True,True,False
108,9,4,88,2283488.9556333725,7011873.325724294,True,True,False
109,9,5,89,2271507.3834110894,6929883.098738544,True,True,False
110,9,6,90,2259819.1474339818,6848695.874416559,True,True,True
111,9,7,91,2248414.028980486,6768290.640755384,True,True,False
112,9,8,92,2237282.2811510456,6688647.051158926,True,True,False
113,9,9,93,2226414.6022510007,6609745.396117866,True,True,False
114,9,10,94,2215802.1109437384,6531566.576284482,True,True,False
115,9,11,95,2205436.323039414,6454092.076864421,True,True,True
116,9,12,96,2195325.9476753874,6377317.198629458,True,True,False
117,9,13,97,2203528.863111044,6330748.958640809,True,True,False
118,10,1,98,2407419.7629451025,7220130.303694439,True,True,False
119,10,2,99,2392385.6293747686,7165321.723003119,True,True,False
120,10,3,100,2378934.939752598,7081950.306612976,True,True,False
121,10,4,101,2365819.6555148135,6999415.431474676,True,True,False
122,10,5,102,2353027.866961352,6917695.162964424,True,True,False
123,10,6,103,2340548.223200069,6836768.264128966,True,True,True
124,10,7,104,2328369.9001579667,6756614.166286208,True,True,True
125,10,8,105,2316482.5707465825,6677212.941039134,True,True,False
126,10,9,106,2304876.37701592,6598545.273628096,True,True,False
127,10,10,107,2293541.9041455677,6520592.437550772,True,True,True
128,10,11,108,2282470.1561345276,6443336.270382503,True,True,True
129,10,12,109,2271600.59010572,6366830.425729199,True,True,False
130,10,13,110,2252323.808393436,6321225.713652989,True,True,False
131,11,1,111,2490938.2187641556,7217165.600321417,True,False,False
132,11,2,112,2476133.355900801,7151442.346301336,True,True,False
133,11,3,113,2461842.7633230286,7068379.2938537635,True,True,False
134,11,4,114,2447907.208973563,6986141.589136021,True,True,False
135,11,5,115,2434314.1506391387,6904707.82123377,True,True,False
136,11,6,116,2421051.630903364,6824057.246808893,True,True,False
137,11,7,117,2408108.243926704,6744169.762727786,True,True,True
138,11,8,118,2395473.1044432176,6665025.879946983,True,True,True
139,11,9,119,2383135.818805459,6586606.698594728,True,True,True
140,11,10,120,2371086.4579232507,6508893.884189721,True,True,True
141,11,11,121,2359315.5319550512,6431869.644940913,True,True,False
142,11,12,122,2345056.245137387,6365747.506073136,True,True,False
144,12,1,123,2567251.6641809326,7206559.501948323,True,True,False
145,12,2,124,2559603.4685965627,7136721.220437244,True,True,False
146,12,3,125,2544483.348025165,7053983.796067609,True,True,False
147,12,4,126,2529737.4098187713,6972059.960147021,True,True,False
148,12,5,127,2515352.507419564,6890928.84829556,True,True,False
149,12,6,128,2501316.1031547915,6810570.232553693,True,True,False
150,12,7,129,2487616.233931652,6730964.4960897025,True,True,True
151,12,8,130,2474241.4791990006,6652092.609006447,True,True,True
152,12,9,131,2461180.9310054737,6573936.105199332,True,True,True
153,12,10,132,2448424.165997894,6496477.060218964,True,True,False
154,12,11,133,2435961.2192167877,6419698.070093356,True,True,False
155,12,12,134,2429326.8878006227,6358773.999255167,True,True,False
157,13,1,135,2611491.081198128,7174012.862864234,False,False,False
158,13,2,136,2614079.816483214,7114573.403621055,False,True,False
159,13,3,137,2620055.335043688,7035825.6329719685,True,True,False
160,13,4,138,2611296.4116999405,6957179.119344805,True,True,False
161,13,5,139,2586012.4029541966,6884336.806726713,True,True,False
162,13,6,140,2579900.199080523,6795177.661651187,True,True,False
163,13,7,141,2566881.346137164,6717005.796867559,True,True,False
164,13,8,142,2552775.57759749,6638420.21901214,True,True,False
165,13,9,143,2538999.9870198923,6560540.263162174,True,True,False
166,13,10,144,2525543.6775071034,6483348.431712258,True,True,False
167,13,11,145,2511007.7233931664,6408582.868989663,True,True,False
168,13,12,146,2499016.2011182127,6334330.531515719,True,True,False
169,13,13,147,2530433.446754159,6286719.638712874,False,False,False
172,14,3,148,2662072.0553591656,6994703.0978565095,False,False,False
173,14,4,149,2657625.794663947,6945906.909195161,False,True,False
174,14,5,150,2644303.802840421,6908676.123187656,False,False,False
175,14,6,151,2627619.38020448,6774425.808059588,True,True,False
176,14,7,152,2621306.999452011,6702800.925219762,True,True,False
177,14,8,153,2627970.5872998387,6621917.824252894,True,True,False
178,14,9,154,2616581.5421111034,6546426.2641874645,True,True,False
179,14,10,155,2595445.0093614934,6476477.9193707695,True,True,False
180,14,11,156,2565039.2131292974,6420649.612296556,True,True,False
181,14,12,157,2535713.1327878856,6294774.218257499,False,False,False
182,14,13,158,2537521.1220912347,6284327.523717362,False,False,False
190,15,8,159,2675826.8852095795,6593688.571394864,True,True,False
191,15,9,160,2666832.913242319,6540545.217733024,True,True,False
192,15,10,161,2649614.2292781114,6496868.370460157,False,False,False
